cert_lifetime,average_traffic_Bps
5000,196.28232852910662
10000,101.34004502251126
20000,53.58441980524756